{"accuracy": [0.5543932914733887, 0.6046025156974792, 0.6464434862136841, 0.7217572927474976, 0.7259414196014404, 0.8012552261352539, 0.8535565137863159, 0.8786610960960388, 0.8828451633453369, 0.9246861934661865, 0.9163179993629456, 0.8953974843025208, 0.8974895477294922, 0.9518828392028809, 0.9560669660568237, 0.9811715483665466, 0.9518828392028809, 0.9686192274093628, 0.9853556752204895, 0.9707112908363342, 0.9832636117935181, 0.9937238693237305, 0.9958158731460571, 0.9895397424697876, 0.9874476790428162, 0.991631805896759, 0.9644351601600647, 0.9476987719535828, 0.9602510333061218, 0.9539749026298523, 0.9581589698791504, 0.9811715483665466, 0.9958158731460571, 0.9958158731460571, 0.991631805896759, 0.9895397424697876, 0.9937238693237305, 1.0, 1.0, 1.0, 1.0, 1.0, 1.0, 0.9979079365730286, 0.9937238693237305, 0.9497907757759094, 0.9811715483665466, 0.9895397424697876, 0.9979079365730286, 0.9979079365730286], "loss": [1.2055033445358276, 1.0784672498703003, 0.9880247116088867, 0.8287152647972107, 0.7368394732475281, 0.5652075409889221, 0.4571525752544403, 0.35466688871383667, 0.34807050228118896, 0.2795564830303192, 0.22993963956832886, 0.30129474401474, 0.3014906048774719, 0.15885862708091736, 0.14532870054244995, 0.06557084619998932, 0.16258589923381805, 0.10422446578741074, 0.07033069431781769, 0.09484374523162842, 0.07718135416507721, 0.031368959695100784, 0.02309432439506054, 0.03678068891167641, 0.037925880402326584, 0.03409590572118759, 0.1080663651227951, 0.1694079339504242, 0.1388283669948578, 0.14078164100646973, 0.10380816459655762, 0.07548150420188904, 0.024998337030410767, 0.017548954114317894, 0.022308696061372757, 0.036390822380781174, 0.020849743857979774, 0.009685731492936611, 0.005517668090760708, 0.0026344291400164366, 0.0026901483070105314, 0.002452669432386756, 0.0018705119146034122, 0.00464103277772665, 0.017689131200313568, 0.16793568432331085, 0.08618688583374023, 0.03274049609899521, 0.019145676866173744, 0.012793558649718761], "val_accuracy": [0.6736401915550232, 0.7468619346618652, 0.8033472895622253, 0.7949790954589844, 0.8765690326690674, 0.8640167117118835, 0.9351464509963989, 0.939330518245697, 0.9665272235870361, 0.9769874215126038, 0.9330543875694275, 0.8953974843025208, 0.9790794849395752, 0.9874476790428162, 0.991631805896759, 0.9958158731460571, 0.9895397424697876, 1.0, 0.9958158731460571, 0.9979079365730286, 1.0, 1.0, 0.9979079365730286, 0.9979079365730286, 1.0, 0.9937238693237305, 0.9769874215126038, 0.9874476790428162, 0.9832636117935181, 0.9874476790428162, 0.991631805896759, 0.9979079365730286, 1.0, 1.0, 1.0, 1.0, 1.0, 1.0, 1.0, 1.0, 1.0, 1.0, 1.0, 1.0, 0.9979079365730286, 1.0, 1.0, 1.0, 1.0, 1.0], "val_loss": [0.949017345905304, 0.7842096090316772, 0.6814248561859131, 0.5597965121269226, 0.4208746552467346, 0.42088329792022705, 0.23129819333553314, 0.20015496015548706, 0.13698093593120575, 0.12017810344696045, 0.20131532847881317, 0.26526957750320435, 0.10723192989826202, 0.06772123277187347, 0.04043097794055939, 0.033428266644477844, 0.06422381848096848, 0.023879779502749443, 0.0351848378777504, 0.012902427464723587, 0.009248727932572365, 0.0064078629948198795, 0.009581753052771091, 0.010347587987780571, 0.004934439901262522, 0.023782016709446907, 0.07116775214672089, 0.05709131807088852, 0.0638553649187088, 0.051518164575099945, 0.03165803849697113, 0.008335974998772144, 0.0029006567783653736, 0.0034182146191596985, 0.0016770258080214262, 0.002194083295762539, 0.0012307098368182778, 0.0008412442984990776, 0.00038919932558201253, 0.00023431751469615847, 0.0001487168192397803, 0.00013575953198596835, 8.22234433144331e-05, 0.001390954595990479, 0.01132012065500021, 0.009541288018226624, 0.012462555430829525, 0.005537798628211021, 0.002209804952144623, 0.002093152841553092]}